Simulation,Max Windspeed (mph),Wind Direction (deg),Temperature (°C),Pressure (mbar),Apogee (ft),Max Mach,Polaris Rocket Initial Stability,Polaris Rocket Min Stability,Polaris Rocket Max Stability,Polaris Rocket Apogee Stability,Polaris Rocket Landing Latitude (°N),Polaris Rocket Landing Longitude (°E),Polaris Rocket Position East of Launch (ft),Polaris Rocket Position North of Launch (ft),Polaris Rocket Lateral Velocity at Apogee (m/s)
2025-08-01 11:00:00,42.196205000000006,273.52136,9.581500000000005,1027.1,70331.44877898078,2.6446474189020224,2.9570602622014714,1.6738660752720211,7.016420132631724,5.490847847416922,47.9128861740658,-81.7945390910885,19373.654274715944,-19138.77347961794,102.55184661355635
2025-08-01 12:00:00,40.303116,274.61057,11.931500000000028,1027.1,70630.09448945384,2.6392055661491884,3.2354146479252908,1.665967825048394,7.014923112465923,5.3882138242961375,47.915615186356035,-81.7939550520111,19515.86085288489,-18143.10436056536,97.8891040261813
2025-08-01 13:00:00,40.82064,270.0,14.081500000000005,1027.2,70480.39062250059,2.633630816430202,3.3710695696578985,1.7132782072743111,7.000589193514248,5.418236606813975,47.90955335925367,-81.79318502959826,19706.99760342112,-20354.21422586951,98.73018666390414
2025-08-01 14:00:00,41.473648,270.89514,15.531500999999992,1026.9,70778.38266033233,2.630583984429874,3.5299060812470926,1.6936225503289344,7.01974683826417,5.322497638746529,47.900633495924026,-81.80086293846543,17826.966415288916,-23609.971481948112,95.00913363183959
2025-08-01 15:00:00,41.473648,270.89514,17.381500000000017,1026.3,70711.38706748879,2.626469351986701,3.461319518192389,1.7280996617441666,7.01919590970227,5.4664003916061334,47.89347695519388,-81.80827169892964,16011.778095025698,-26222.23729926478,95.72180873778055
2025-08-01 16:00:00,42.240955,274.39862,19.131500000000017,1026.4,70515.00183723323,2.6225137149615803,3.322198675583615,1.759504366856312,7.009165048746782,5.316249348379175,47.88726332154324,-81.8145185756281,14480.918299111334,-28490.146378568334,97.3439899585464
2025-08-01 17:00:00,42.07664,279.75235,20.831500000000005,1025.7,70400.09013356078,2.619265019815259,3.0590315224624534,1.7475832456930442,7.008259968169613,5.7132029172814285,47.8862855058962,-81.81382914098337,14650.358513392845,-28846.713957191645,98.15564937011015
2025-08-01 18:00:00,40.282275999999996,281.12915,21.731498999999985,1025.4,70297.65185074833,2.6177989578071608,2.8503792625912894,1.729423298282656,7.02152274095879,5.5967422461765866,47.89101592705256,-81.81106735316266,15326.62597568776,-27120.56506906081,98.84829707433184
2025-08-01 19:00:00,48.357838,324.8192,22.131500000000017,1025.4,69924.8216814316,2.6169132093843,2.6502836880736265,1.7311704806424175,6.992955261862853,5.342849026720084,47.886059074865585,-81.80732791079825,16245.645246665395,-28928.012425974637,102.77992864106137
2025-08-02 11:00:00,48.52251,325.8855,13.181500000000028,1023.4,69026.69962653243,2.6375108593964547,2.3200526146207916,1.7265978461963303,7.008067924478428,4.897204028471442,47.85753739044281,-81.82261772685047,12500.806147011996,-39335.267711444736,117.45620573785156
2025-08-02 12:00:00,48.901733,327.99466,14.331500000000005,1022.9,69390.66910766253,2.6348419032900106,2.532035499961787,1.7975119803840816,7.015880077108081,4.7256679310787355,47.85166659373991,-81.82635883630557,11583.644918705828,-41477.4494000197,114.08563907174863
2025-08-02 14:00:00,48.703873,326.94415,18.831500000000005,1022.4,69553.15165468033,2.624438204605563,2.7727152005063553,1.686639627292583,7.018413311878878,4.912428650328701,47.84203797686686,-81.83814322425043,8691.774960937199,-44991.39940421426,111.85868589263524
2025-08-02 15:00:00,49.060307,326.3099,20.681500000000028,1021.6,69805.37475813666,2.619877480434193,2.9472610934567465,1.7191369883503613,7.015664441507223,4.822409537737913,47.84078737612663,-81.84265174416213,7584.752935573651,-45448.078252549516,109.5806614272717
2025-08-02 16:00:00,47.15788,347.3004,22.181500000000028,1021.3,69694.72149405147,2.6164573867619247,2.823653500172893,1.726936919124473,7.007071067125412,4.706633168058962,47.84480982447295,-81.85125535009772,5471.401206036394,-43981.46660333218,110.62993215802615
2025-08-02 17:00:00,46.04526,346.15927,23.581500000000005,1020.9,69298.56836780767,2.612928096583291,2.5585907819060973,1.7497025920186122,7.019395050598807,6.050963355779373,47.84900673257539,-81.85593543122553,4321.777011146636,-42450.78234449595,114.29223687459651
2025-08-02 18:00:00,43.85503,347.19574,24.531499999999994,1020.5,69317.01534252116,2.6112528135157556,2.582292408522249,1.7295237245097126,7.012917053989062,4.412672999828581,47.85305666624937,-81.85917065108221,3527.1018373133516,-40973.57909613877,113.95422835043767
2025-08-02 19:00:00,45.119614,347.56046,24.731498999999985,1020.0,69223.20468915129,2.6117775188640446,2.3511816004446504,1.742111424186989,7.019921805247434,6.073783522905494,47.858216144224066,-81.86152346366572,2949.126669120314,-39091.559947356945,114.88933932115016
2025-08-03 11:00:00,37.569733,302.31958,14.131500000000017,1017.8,67879.71343994043,2.638667994168118,2.361244077020308,1.7045495422249466,7.018005966263385,4.854236288160016,47.90567785273421,-81.81720412752942,13817.07122083945,-21773.184193414614,131.46965590542874
2025-08-03 12:00:00,37.452213,300.11365,15.381500000000017,1017.6,68414.07185451615,2.636711216107059,2.5455058837977247,1.7020184873073703,7.001842608666446,5.671358690324107,47.90936785330356,-81.80415289769786,17017.063695911285,-20424.49520162344,126.16389617311978
2025-08-03 13:00:00,37.22734,301.47678,17.381500000000017,1017.3,68945.80060238653,2.6329062764888493,2.644468117513754,1.6913422976922325,6.978262333441111,6.001960611781814,47.913360384591265,-81.8018227906617,17587.197897283277,-18967.529739011767,120.72109728028634
2025-08-03 14:00:00,38.0141,299.62366,19.781499999999994,1017.2,69444.49271038534,2.6279365233912206,2.814168035306331,1.737884114297048,7.014473687900181,4.59271213506495,47.91421238808475,-81.7897864384655,20538.69662063263,-18653.752076720837,114.61651311715728
2025-08-03 15:00:00,37.131355,299.24872,21.581500000000005,1016.9,69519.78071495578,2.623865529596941,2.7219148244910314,1.7211409517552287,6.9784185900271805,4.946813843026639,47.9138844580529,-81.79316079765375,19711.295500678516,-18774.258417264802,113.5211312513931
2025-08-03 16:00:00,38.730736,287.52567,23.231498999999985,1017.1,69569.0700497959,2.620062447625237,2.741918382382854,1.7119134944126344,6.977135903294346,4.735704306461593,47.91660430215784,-81.78691338409287,21242.303325984358,-17780.42290877201,111.94716463965752
2025-08-03 17:00:00,39.784134,286.07364,24.531499999999994,1017.0,69381.94069262563,2.6172555646512032,2.497686665836712,1.737791093157038,6.9715438343924445,4.32575344299958,47.923447649137515,-81.78483498954652,21749.11480745409,-15283.443125786538,113.05015954617713
2025-08-03 18:00:00,41.20961400000001,286.44046,25.281499999999994,1016.7,69711.2243441416,2.6160208508440483,2.4210471560418263,1.757792260015293,6.996472183413744,4.3215940170777225,47.93066000555427,-81.78062040175791,22779.34576598728,-12651.211228074319,109.19821505460838
2025-08-03 19:00:00,39.715485,275.6175,25.181500000000028,1016.9,69694.5279180597,2.6162354969867048,2.307565417231348,1.773565238983472,7.014932139554921,5.5329376051184616,47.93466076272413,-81.77894073085703,23189.3474748931,-11191.262032931485,109.12123829294647
2025-08-04 11:00:00,41.715897,276.24182,12.381500000000017,1023.5,73839.48480157695,2.6396917009737813,3.2432988246792425,1.6608937306245217,7.021526263296103,2.122724865427062,47.941100182354916,-81.74976263857943,30338.372792717448,-8832.082303561361,44.36273279861329
2025-08-04 12:00:00,38.963097,273.814,12.73150099999998,1023.9,73585.90983216037,2.6392397696289582,3.51332683127938,1.6549101495908243,7.019577594529789,2.735842868068608,47.943478238771156,-81.7600779591516,27808.6871901207,-7968.469673076486,50.7329194831914
2025-08-04 13:00:00,41.514122,272.68372,13.831500000000005,1024.7,73513.85121905246,2.636205550293932,2.9158982751921285,1.6612530074974348,6.999109695757159,2.8452774778257766,47.93715188886417,-81.76761259981733,25965.10795940218,-10278.907228559694,50.66808651244942
2025-08-04 14:00:00,44.136536,273.3664,14.381500000000017,1024.5,73479.27243865447,2.634896169748671,3.226555559072214,1.6659475840403446,6.992235343368101,2.7934795404400368,47.94028966318257,-81.77169002639366,24964.094141782898,-9135.613358339902,51.32440263241997
2025-08-04 15:00:00,44.7271,271.66025,15.281500999999992,1025.1,73357.78607099358,2.6327379372724025,3.5841223769393955,1.7308391909875944,6.956735804328614,2.7371716674685267,47.951386078134234,-81.76573706091561,26417.605775237716,-5085.72602039542,52.14121387797716
2025-08-04 16:00:00,46.04526,272.41946,16.081500000000005,1025.3,73332.10020405457,2.6307477406587454,3.674225865556031,1.7066231070877949,6.933177673716369,2.57736541726404,47.96022699934135,-81.75927229695074,27997.10689092868,-1858.3261547374493,51.35613171978363
2025-08-04 17:00:00,46.65666,270.79572,16.681500000000028,1025.7,73046.73091807253,2.6296634630404876,4.132194616628435,1.708781819710221,6.973117595358294,3.1630045237166606,47.96481602158965,-81.76306970225367,27064.262987046448,-185.62913610567836,57.12148846523894
2025-08-04 18:00:00,49.99697,266.2848,17.681500000000028,1025.0,73061.81842613815,2.6278666804281876,4.009666146125859,1.7909986862191778,6.974612997705582,3.1319152408830018,47.96640221547326,-81.75889054229333,28087.297235955597,394.5006648070296,56.82432711086088
2025-08-04 19:00:00,47.304546,270.78482,18.281499999999994,1025.0,72869.2564636324,2.626534841027569,4.495973970249811,1.6994263216609171,6.975699969323248,3.4955177361050964,47.96445649589326,-81.76129649777027,27498.88892832137,-316.15524676820024,60.49385802884306
2025-08-05 11:00:00,36.653397,278.13,9.431500000000028,1028.1,73517.27698316128,2.641568484404021,2.2006504652314978,1.6871771808535911,7.017332262303421,3.310959126354082,47.92946321825867,-81.80515993417883,16763.581036212527,-13094.079292458551,50.95293722833741
2025-08-05 12:00:00,33.67453,281.0937,11.831500000000005,1028.5,73499.85165055886,2.6358231441240294,2.385762640461196,1.660882858275265,7.019291699723251,2.869895110564642,47.93247451752271,-81.81692820554268,13877.579515342983,-11997.91474757361,48.34956915933927
2025-08-05 13:00:00,30.176512000000002,284.93146,14.281500999999992,1029.3,73284.02466721329,2.629795869599541,2.462552465724013,1.6900869889952794,7.00902322156228,3.0196045638710927,47.93085894964061,-81.82718592874456,11363.220609587794,-12588.94085148504,50.58580456636272
2025-08-05 15:00:00,30.625336,276.07236,18.181500000000028,1028.8,72985.96771325915,2.62145348978728,2.5523452894789607,1.701886525362991,6.998969673306845,3.4657524989917126,47.93843881444001,-81.84803115872938,6251.873670493164,-9826.235427091731,55.81837354613604
2025-08-05 16:00:00,30.148673999999996,278.65247,19.931500000000028,1028.9,72824.70677927104,2.6175538633525632,2.7578224938616724,1.735623207793845,6.9076496047555205,3.7605272224825845,47.94193760675749,-81.85958330820345,3419.922528389294,-8550.62170510414,58.23576389967825
2025-08-05 17:00:00,30.8915,279.65982,21.131500000000017,1028.7,72704.3617602493,2.615190822136609,2.8688649999326463,1.7688513338715544,6.959906427719588,3.9506677656233053,47.94541271175896,-81.86214062324562,2792.9158080643087,-7283.027054688184,60.24640207928534
2025-08-05 18:00:00,30.501705,282.26477,22.081500000000005,1028.0,72693.59217017418,2.6135558278556137,3.0363389806063528,1.7571669005702693,6.930888310589584,4.035536108636253,47.94740558873901,-81.86459126938192,2192.197740808477,-6556.1162206367035,60.659378620954655
2025-08-05 19:00:00,28.897259,289.6539,22.881500000000017,1027.9,72607.99983960333,2.6119419661786276,3.024663247147395,1.7712046355747237,6.982076598899849,4.236288493956711,47.94393201666825,-81.87311684099018,102.7354594978947,-7823.381895861457,62.33600617118644
2025-08-06 11:00:00,16.55754,300.57913,12.031500999999992,1028.6,72785.846666533,2.63429929105637,2.663703430122291,1.7529112273279854,7.018584129664498,5.021171308114921,47.938853718756924,-81.94676136576552,-17949.220217871945,-9667.396431017805,69.36390075980614
2025-08-06 12:00:00,15.455938,303.02386,15.131500000000017,1029.4,72603.33299305629,2.6270203598807593,2.8402380409887065,1.7280606982376072,7.012186212870747,4.902261487553178,47.9421827709999,-81.95050747010022,-18866.26476456446,-8452.085269752977,69.62017358249567
2025-08-06 13:00:00,16.55754,300.57913,18.581500000000005,1029.9,72464.78647147186,2.619241133104619,3.061727541757431,1.738423844379932,7.00831174768045,4.796097390104712,47.94649768778781,-81.94746319450645,-18118.582857751866,-6878.759357852266,69.02585321944781
2025-08-06 14:00:00,18.68964,303.6901,20.731498999999985,1029.3,72595.08590144153,2.6150511181661633,2.8730895884779417,1.758246996381244,7.0082499576009925,4.407754520864964,47.94918639641614,-81.94174900179446,-16717.242626267274,-5899.224137729819,65.19774333442476
2025-08-06 15:00:00,19.26484,317.72638,22.331500000000005,1028.5,72875.18757730372,2.61238065212542,2.6595099801055166,1.73723831837744,7.008528635792142,3.8526213972591106,47.954073960126486,-81.93504061723468,-15071.770081650633,-4117.650072983316,58.36536108717663
2025-08-06 16:00:00,16.494028,315.0001,23.981498999999985,1028.5,72844.63523384312,2.6089670151275066,2.5603045270225566,1.7520296199657892,7.015990223656416,3.8266265990356785,47.954120818636625,-81.92728155708413,-13170.392786484636,-4101.976592787017,57.25958055787536
2025-08-06 17:00:00,20.283939999999998,296.56497,25.231498999999985,1027.9,72917.4165350964,2.60682822174287,2.5599408383306232,1.7469476157066302,6.958097728183836,3.552452506655064,47.9577658772905,-81.91499905245124,-10159.840660692196,-2774.1354475798994,54.73085156588955
2025-08-06 18:00:00,22.678135,306.86996,26.531499999999994,1027.7,72702.47751871405,2.6039498457836086,2.4520895570717487,1.7319633327849986,7.007404982372431,4.1642333906167375,47.95202031200678,-81.91820488792378,-10946.591493227625,-4869.648814115294,59.21212328423006
2025-08-06 19:00:00,24.630497,305.36255,26.631500000000017,1027.0,72656.49508914727,2.604228100990783,2.5599117553638404,1.7924232536305633,7.003006410776518,4.290827798290099,47.94898326280962,-81.91196672005682,-9418.413344870449,-5978.3708668634035,61.05344522343529
2025-08-07 11:00:00,32.847767,284.85864,16.831500000000005,1023.0,71498.93825860809,2.627582369379034,2.314966885361886,1.6841233845910404,6.9758847261798245,5.922628174625994,47.95272216150629,-81.85893320380396,3578.524009738952,-4616.448332392833,89.69651040124472
2025-08-07 12:00:00,30.176512000000002,284.93146,18.681500000000028,1023.4,71269.79194803319,2.6230916864828506,2.490073459748187,1.8434805861049024,7.020447290219951,5.7217005395780856,47.95624421044706,-81.8632778366171,2513.668540113787,-3331.7949603293177,91.6096050767147
2025-08-07 13:00:00,26.573714999999996,268.60284,19.531499999999994,1023.2,71646.9650874113,2.6219421727160324,2.554740346369067,1.7158175433681966,7.022393500300286,5.856907253781723,47.96294696030913,-81.86491899432052,2111.244833510929,-886.7140805700608,86.10284814157595
2025-08-07 14:00:00,24.630499999999998,268.49258,21.631500000000017,1022.5,72112.56218722595,2.6186291546112934,2.539491641000997,1.7420344983385376,7.009228578504234,5.6261758974047185,47.97335251511314,-81.8548406625004,4579.607865667088,2909.6237151794126,77.94707476650913
2025-08-07 15:00:00,24.052702,274.63538,22.931500000000028,1021.9,72125.9218593155,2.6164495203432714,2.573105538852405,1.7156404879149079,7.021548082615158,5.577225080032307,47.97942574772474,-81.8553761714632,4447.9080389414585,5125.084142951697,77.46751432116962
2025-08-07 16:00:00,24.48923,194.03627,24.731498999999985,1021.3,71854.26388711185,2.612907423716091,2.6912768459199072,1.7663058293351512,7.021012189376672,5.748520081400457,47.98183272873693,-81.85907956249956,3540.667577327767,6002.950388323115,81.46272347200225
2025-08-07 17:00:00,25.93052,194.47034,25.881500000000017,1020.6,71745.32560407845,2.6103935491710772,2.4439418442080294,1.743627258654079,7.013544300453455,5.823729943591885,47.97843678408223,-81.85929472896875,3488.1977919211727,4764.11228886271,83.04720561983883
2025-08-07 18:00:00,24.48923,194.03627,26.431500000000028,1019.8,71584.07475217286,2.6100507462598315,2.414689755229889,1.793448267762126,6.979656915720922,5.869340252318871,47.98087466920791,-81.85133948833636,5436.4654219835065,5653.904079527192,85.47271501951533
2025-08-07 19:00:00,24.179218,196.20909,26.281499999999994,1019.4,71468.98694345399,2.610530389071059,2.4344359068703647,1.8723293071275884,6.966219008928844,5.917883854217959,47.97853657116991,-81.85121643959273,5466.849869379863,4800.983169309112,87.71414496159258
2025-08-08 11:00:00,47.30011,318.888,17.831500000000005,1015.5,70547.03963847889,2.630764696077107,2.7204516668615404,1.6822677078268649,7.02090753453843,5.617710378398906,47.904716287329265,-81.83465928094883,9535.851540286229,-22126.59639160069,108.5999807730268
2025-08-08 12:00:00,46.73308,315.0001,19.181500000000028,1015.1,70465.55321526006,2.6278123477634217,2.9038774185476814,1.6868507502096102,7.008533702834981,5.004661700919453,47.90877397310635,-81.83746619948735,8846.666652535241,-20646.720788301216,109.06566987933574
2025-08-08 13:00:00,45.235775,308.01898,21.181500000000028,1015.4,70808.15162391902,2.62392096432925,3.227024682492425,1.7260161477621323,6.955634965401656,4.610294962699494,47.91125966178287,-81.83637522551498,9113.80802125533,-19739.834793613278,103.83105538113021
2025-08-08 14:00:00,46.782467,306.55255,23.281499999999994,1015.7,71601.69285003081,2.619333052739083,2.952236919367013,1.708140114249722,7.00088966212532,5.731517555889708,47.90952688140241,-81.8191593066853,13336.516176068344,-20369.434564167605,92.13651609786487
2025-08-08 15:00:00,45.54563000000001,309.8055,24.831500000000005,1014.8,72015.63363118684,2.6161319608428797,2.7385520239822045,1.7408651402248625,7.003125976582344,5.784884698659213,47.910900481257514,-81.81988340965282,13158.573229687463,-19868.48084670345,86.36724072830941
2025-08-08 16:00:00,43.586155,311.98712,26.231498999999985,1015.6,71194.62942055879,2.61175151772745,2.734397245696259,1.8185459688469139,7.0170236813003966,5.675497864362106,47.91145908883857,-81.82446658746606,12034.39595206451,-19665.453497154558,96.168178713998
2025-08-08 17:00:00,39.8632,314.34152,27.531499999999994,1015.0,71035.04142982638,2.609450002501887,2.8464448952497516,1.871391073779261,7.01524760853297,5.9187760523903705,47.91294841465441,-81.82490894369141,11925.564714788132,-19122.228048855184,97.95556070787349
2025-08-08 18:00:00,34.868923,318.01285,28.531499999999994,1014.7,71126.908947382,2.6077020931510493,2.754272996262344,1.817908492996985,7.016251301714263,5.997102980584939,47.91378490186585,-81.82542819970428,11798.029358116746,-18817.163975077812,96.59403575137736
2025-08-08 19:00:00,45.82591,326.5346,29.131500000000017,1013.9,70741.24602880528,2.606811806197407,2.960011803638901,1.766765824845224,7.017028948857002,5.691677205029175,47.903534077963435,-81.832741260919,10006.539750127333,-22557.613438139422,102.07817378752846
2025-08-09 11:00:00,32.39733,306.86996,20.181500000000028,1014.4,71009.94706323213,2.6246029015157823,2.5978047394995096,1.709201771716855,7.016361925873706,4.6785501104919,47.909562033505,-81.83436086112506,9608.152102208927,-20358.87146051946,102.92091734123203
2025-08-09 12:00:00,26.399967,241.15744,21.231498999999985,1014.3,71614.15001898208,2.622557086547065,2.538959596943737,1.7845649777754213,7.016364302588713,5.802908153804272,47.92588277968541,-81.82716771549843,11368.776491275537,-14404.210266788143,94.21739619375646
2025-08-09 13:00:00,27.459488,289.29013,22.931500000000028,1013.9,71780.8314939036,2.6201019789728353,2.8832059581320024,1.7838462635928525,7.010586781579387,5.5386938614116055,47.9383861320196,-81.83263462618537,10025.958281264897,-9843.829431289883,91.38264426450694
2025-08-09 14:00:00,32.39733,286.26028,24.831500000000005,1013.2,71199.50142765886,2.6155619997355424,2.7970712210441473,1.7280407858666862,7.013261259456078,5.981442751896807,47.93926705562138,-81.82914230885905,10881.828361307185,-9522.000848910071,98.29589199964795
2025-08-09 15:00:00,39.35976,290.22495,27.031499999999994,1012.3,71391.3426726104,2.6112780559338065,2.6531396621063923,1.83241528458615,6.995542027192814,5.889499505258606,47.94330842140428,-81.8233399848986,12303.140868391694,-8046.8636256966065,95.23370902156984
2025-08-09 16:00:00,40.578224,289.59238,28.581500000000005,1013.0,70803.57861968662,2.607512744496556,2.6390791503037323,1.7861277403447795,6.986191827374906,5.7872444511279335,47.95047593266338,-81.82753044716382,11274.491511037286,-5432.837383230408,101.11799506497852
2025-08-09 17:00:00,43.223434,293.87527,29.281499999999994,1013.3,70229.80808989672,2.606172321955921,2.7958655432555255,1.7578884108719333,6.9542012620169515,5.663019913053751,47.955408163290485,-81.8390944744605,8439.714798330479,-3635.0638026086476,107.37711701192143
2025-08-09 18:00:00,44.89574,290.26578,30.081500000000005,1012.3,70501.24215606714,2.6056582988354506,2.7438485610484187,1.8072762475248265,6.954785448992312,5.928103464429002,47.96330494268009,-81.8319326661866,10193.12460581887,-753.4930901297574,104.27326892458336
2025-08-09 19:00:00,42.369965,293.4287,30.431500000000028,1012.5,70056.5016441672,2.604529937384616,2.5282571166092995,1.742664932658264,6.853892766479621,5.768886577928747,47.96132289928391,-81.8321956496674,10129.079182348825,-1476.5676524328749,109.01947300063836
2025-08-10 11:00:00,50.043137,221.3254,20.431500000000028,1014.0,70448.60115735301,2.629526548427215,3.245232815712906,1.6848302100319668,7.009451000053728,6.052307975966291,48.06316797426185,-81.82335473230447,12271.071592395074,35677.63480249079,106.11661543781008
2025-08-10 12:00:00,50.473347,221.87778,21.381500000000017,1013.7,70977.8737596332,2.628522435892245,3.1564651060387803,1.7395085783935853,7.000547835829538,5.712820785390591,48.05997981263617,-81.81556733740808,14176.23600681788,34515.92422727535,99.37137176250144
2025-08-10 15:00:00,52.47968,212.90524,25.081500000000005,1014.1,70973.57648135354,2.6197262241215458,3.282995494021316,1.7508408664445136,6.999378413159933,5.543066934763508,48.056957684135455,-81.80627725649713,16449.086868459275,33415.29285192973,96.88138690471285
2025-08-10 16:00:00,51.06872,215.70677,26.631500000000017,1014.3,71249.65244941232,2.6162605826241667,3.1932387574929786,1.7223136199803473,6.96599249445809,6.011102088418639,48.05291421727526,-81.80063158708066,17831.210965966995,31941.48694011626,92.24917463276086
2025-08-10 17:00:00,50.043137,221.3254,28.181500000000028,1014.3,70843.50260543101,2.613194922974222,3.0082083407706004,1.772034641464715,7.0083720439501676,5.721304138512084,48.04855644777843,-81.79326512759698,19634.579929066527,30353.55901364403,96.15705371946419
2025-08-10 18:00:00,49.516018,222.87889,29.531499999999994,1014.1,70210.0384938846,2.610670114329933,2.9229566747334776,1.7671318772120805,7.010052848394578,5.075079836429224,48.05135081130383,-81.79602271371664,18959.03823287366,31372.25465413053,103.24440888101303
2025-08-10 19:00:00,50.531532,220.84027,29.281499999999994,1013.8,70218.63194269722,2.611150729292181,2.8492688209828207,1.7670011403377095,6.945811247946133,5.710436236142205,48.05224053208851,-81.79630228548814,18890.332311642975,31696.756906607447,103.34866309899155
2025-08-11 11:00:00,45.323025,223.02507,20.631500000000017,1013.4,70057.91353912522,2.6306981922373445,2.906420523839388,1.6880223990565248,6.9425236666255445,5.297883229327978,48.07054203377538,-81.82362888173488,12202.290277907614,38367.66189163304,110.14859882811452
2025-08-11 12:00:00,43.160255,215.83774,21.481498999999985,1013.8,70872.30350537269,2.6284204179493567,3.4531473007999614,1.8089920610736685,7.011510775006516,5.056222448977928,48.07213643129989,-81.82485398612326,11902.384830768024,38949.11001350464,100.94621681493881
2025-08-11 13:00:00,41.39766,219.92033,22.481498999999985,1013.8,71059.26376587068,2.6255364835481387,3.33279775787042,1.6892917460565766,7.012564940719912,5.872533496572299,48.065181145676256,-81.82572139767936,11691.883690280509,36411.67535353577,98.17450600650582
2025-08-11 14:00:00,39.66789,218.36752,21.631500000000017,1014.3,70760.52742773796,2.625864954912241,3.1597667194341055,1.7374182074281843,6.985654899974613,5.947499423109286,48.062053484009795,-81.84082072805572,8000.19888339591,35268.77092501327,102.00936482048442
2025-08-11 15:00:00,39.9489,212.81136,21.781499999999994,1013.4,71897.51434878951,2.627134512149435,3.1376128988932135,1.8145476073683133,7.010336104449449,5.71206507458823,48.0702362555473,-81.82924806731016,10828.463693468113,38255.27407894846,87.86056641166721
2025-08-11 16:00:00,47.01521700000001,209.7448,24.331500000000005,1013.1,71950.74963899745,2.6231612472957733,3.078127463809123,1.7801048896165539,6.996247538758054,5.654018298397358,48.080955464650174,-81.8171790313036,13776.499888923405,42167.59333186324,85.10489547981655
2025-08-11 17:00:00,49.060307,213.6901,25.781499999999994,1012.8,71076.70645317221,2.6200335262224153,3.112147180216775,1.8235600966556658,6.987069611091839,5.889943069528815,48.0888966918593,-81.81865817189609,13412.859525686823,45064.31597681747,95.95317130843664
2025-08-11 18:00:00,49.24821,212.64462,26.181500000000028,1012.2,70867.34336891101,2.6193254633560934,3.110362120129432,1.8535540785839222,6.9686966316134065,6.018751940808408,48.09664752668569,-81.81364200791265,14636.67713620232,47892.760173357994,98.18759054299396
2025-08-12 11:00:00,63.333263,228.31787,16.931500000000028,1011.4,71496.39053279659,2.6395929477804407,3.0645085096690883,1.7054675696542057,6.923851161129933,5.687807305551449,48.06347581674359,-81.75530038625489,28912.553126270843,35808.11179190956,94.5074873428111
2025-08-12 14:00:00,62.904243,221.24135,21.481498999999985,1010.7,71799.71318719986,2.631180790516414,2.998957513877372,1.8159564456813144,7.019296601625201,5.736175059398592,48.07898418519604,-81.75306692762014,29449.862902625482,41466.438996447985,88.35221201623338
2025-08-12 15:00:00,62.34109,217.82281,22.281499999999994,1010.3,71818.86401891455,2.6287221203307167,2.767007029752533,1.7789242525515823,7.017333644505718,5.824644944625417,48.07905533701436,-81.75338968873166,29370.92032786128,41492.272220434614,87.80193753906002
2025-08-12 16:00:00,60.234653,211.80934,23.231498999999985,1009.8,71349.17491663198,2.6272947089580305,2.8386601211296623,1.7427486134523538,7.011389935409841,5.338765888701173,48.084895374036314,-81.75710646039285,28459.101027376455,43621.33867877966,93.70113960966931
2025-08-12 17:00:00,60.119537,210.43416,24.881500000000017,1009.4,70803.85976942742,2.6238254041359808,2.9324893529726603,1.7123538856056901,7.012394740220295,5.9682611760382525,48.09035773520379,-81.7615257611121,27375.986320619046,45612.4237411966,100.01356421388067
2025-08-12 18:00:00,61.44229,207.64589,25.731498999999985,1008.9,70456.96234210343,2.6214782363681803,2.766592510452209,1.7221771185615986,7.019819975476616,6.044898963066967,48.094243153202925,-81.76869275223879,25622.40205752814,47027.37332834201,103.70417247745148
2025-08-12 19:00:00,64.70714,214.80408,25.881500000000017,1008.5,70285.72266909078,2.621288154292636,2.7242685162452935,1.7494194713420765,7.016156666596131,5.227308444640461,48.09919636894293,-81.77888937000311,23128.255175598744,48831.10005538795,105.86191515565095
2025-08-13 11:00:00,55.17828,260.53775,15.431500000000028,1009.7,70795.50391113274,2.6438372985021665,2.74776033292632,1.6914307764502317,7.017739714894292,5.195028754960679,48.009518555281616,-81.73249819462025,34524.458766706375,16133.903349541066,105.92980030615647
2025-08-13 12:00:00,63.41276,262.36676,16.031499999999994,1010.5,71225.56019334731,2.6421421268126566,2.8574243709841722,1.6853076320194877,7.020142789196002,6.02112591287486,47.998587292337724,-81.71270539881289,39377.821901396266,12155.68987641436,99.47800289480148
2025-08-13 13:00:00,70.08614,266.82022,16.981498999999985,1011.4,71553.73132290313,2.6398187594836324,2.6217174434115154,1.6815841231401631,6.931828423473174,5.286146795231812,47.994885940224194,-81.6939337172635,43977.02396346392,10815.592045253912,93.74302815925991
2025-08-13 14:00:00,72.75491,265.91446,18.031499999999994,1011.5,71738.27038432258,2.637454688070061,2.6684500795461776,1.668963376406529,7.001106447176608,4.897658418767248,47.99284381201025,-81.69048250907295,44823.84601876499,10072.617504794194,90.63558446568105
2025-08-13 15:00:00,71.849075,262.7469,18.331500000000005,1012.0,71380.65714335778,2.636405848254559,2.47525234286688,1.6683913647987136,7.0085231330937,5.674653515009689,47.998294609758624,-81.69396514596248,43966.432878369684,12059.04555261681,94.58053468039911
2025-08-13 16:00:00,74.719246,258.4952,18.831500000000005,1012.2,71187.59327328444,2.6349467410910647,2.3429962118053322,1.7036452904369737,7.008764798995243,5.270699057867307,48.00760807998363,-81.69491461688912,43726.093076929545,15456.032870972702,96.44451958042183
2025-08-13 17:00:00,74.803474,255.96373,19.631500000000017,1012.4,71136.86595598345,2.63320682430717,2.372883684633309,1.692500253623175,7.0040550406725535,4.936675441659611,48.01060379423648,-81.70216905791223,41947.79720801058,16544.83270532412,96.70957065644522
2025-08-13 18:00:00,72.74627,252.37189,19.481498999999985,1012.7,71462.05096436903,2.6333332563572127,2.351994838682657,1.684015697402305,7.004981899524688,4.723543266592183,48.014948089499896,-81.70196089271413,41995.225921646095,18129.735367491034,92.66303840801069
2025-08-13 19:00:00,70.91391,250.24043000000003,19.831500000000005,1012.4,71485.57991299368,2.6327654719865023,2.265576649964299,1.7428849783706284,7.010446083903086,4.646878690485592,48.01401124029439,-81.70202252746486,41980.90029888243,17787.94117635407,92.50456643957983
2025-08-14 11:00:00,52.691254,314.50186,6.131500000000017,1018.8,73944.52794262701,2.6579392574917176,4.162633098537464,1.6374119589935783,7.006839110868021,2.9039161378545586,47.904483688936935,-81.75579709180573,28879.633363703466,-22191.81626355827,55.827018471000514
2025-08-14 12:00:00,53.403545,305.6186,8.181500000000028,1019.8,73964.27554556367,2.6524745679284396,4.060210299322674,1.6510248877804024,7.005784770978973,2.7065495170981366,47.8980729613627,-81.75668246293273,28666.00503653235,-24530.72235532439,52.04759119565295
2025-08-14 13:00:00,51.758736,304.28693,10.431500000000028,1020.4,73727.29024368738,2.646958744146071,3.5086435455955707,1.7194822832363414,7.006951924953553,3.377697469312354,47.89726028165175,-81.76335141657441,27030.430422675694,-24829.587123168865,55.626469289217
2025-08-14 14:00:00,52.894043,300.96368,12.881500000000017,1020.7,73821.47512206662,2.640903417184658,2.88775021566215,1.8007721874452867,7.001728151487873,2.9180478378361068,47.90124771021423,-81.76003975730569,27840.70593607182,-23373.831922787977,50.58706437324008
2025-08-14 15:00:00,50.498287,303.4862,15.031500999999992,1020.4,73544.10550997898,2.6365542266467092,2.7639329307717553,1.7150920005324795,7.0160811787227155,3.5670188989162885,47.90796523366446,-81.76418363970943,26820.737923019573,-20924.805629921717,55.97835840364683
2025-08-14 16:00:00,49.115894,306.41647,16.781499999999994,1019.9,73270.74585909171,2.633135582129174,3.1717318476414866,1.6962112358125978,7.016860421495679,3.9754939917837637,47.914661372586224,-81.7739008874417,24434.24703248582,-18485.3367509956,61.15910220438125
2025-08-14 17:00:00,45.416393,317.89133,18.281499999999994,1019.6,73117.22496461887,2.630177497949659,4.399551291013945,1.723747430874499,7.018408511767975,4.2373722714207,47.9189199628013,-81.78193072032286,22463.18953093842,-16934.27676952599,63.54996794655236
2025-08-14 18:00:00,39.145847,294.44394,19.131500000000017,1019.5,73045.4836337544,2.6284691602143755,4.843321625616331,1.697687371295896,7.019199725580369,4.282283311582586,47.92627096878173,-81.78808457383363,20951.190340129786,-14254.415971523085,64.63913369601725
2025-08-14 19:00:00,36.267654,288.75873,20.031499999999994,1019.2,72896.97252563908,2.626541035093631,3.8551904997175788,1.6831650263525466,7.00368868382295,4.590725243553733,47.9291751081157,-81.79468895739656,19330.829549101883,-13196.73063085329,67.69531898664873
2025-08-15 11:00:00,34.832783,251.56495999999999,13.881500000000017,1018.8,70541.57028686913,2.637104869592471,2.236225073818372,1.6612532507567999,7.013593462297783,5.928350238856955,47.966147646039516,-81.80494579052322,16804.185368704286,288.23415924112186,104.36873477671244
2025-08-15 12:00:00,34.560528,239.58900000000003,15.531500999999992,1018.7,70485.17758829432,2.6337327312899332,2.4123422789138584,1.708411027164518,6.92352488011932,6.044429071293121,47.97568624385206,-81.80843920639195,15945.383350599874,3767.131963512213,104.27178481631805
2025-08-15 13:00:00,35.371006,241.55716,17.431500000000028,1018.7,70764.00812003014,2.6299864869865712,2.677443372752357,1.7439331931777142,6.986881398896894,5.814666176348609,47.98680309383158,-81.81178673582708,15122.163351604275,7821.844223314737,100.23901659325908
2025-08-15 14:00:00,34.00331,239.0363,19.431500000000028,1018.2,71353.9548641706,2.6265763285319252,2.6503863287248763,1.733830292893466,7.010252858839726,5.290496789938084,47.989615242692246,-81.797864932462,18530.55326629127,8850.744152237658,91.95184423513281
2025-08-15 15:00:00,35.138786,247.21756000000002,21.381500000000017,1017.8,71471.36013554079,2.6232569553961627,2.6108518381261794,1.6915110307948649,6.971646250059642,5.98592883097291,47.990030811140635,-81.79227327351269,19899.69490437313,9003.73522638226,89.57376570817812
2025-08-15 16:00:00,35.448074,251.89615,23.281499999999994,1017.0,71196.52992169833,2.619236685903248,2.7953527930744273,1.8705473518177214,7.009672016288517,5.96367856302825,47.99100269205663,-81.79922997021689,18195.79125240533,9356.556397149203,93.2504246982055
2025-08-15 17:00:00,35.26402,249.56708,23.981498999999985,1017.0,70664.87387879597,2.6176715628932397,2.8828506209831195,1.759748451565316,7.0187918909931994,5.625836185626912,47.99161803663704,-81.80027185995299,17940.44389514089,9580.788169162635,99.56281439059293
2025-08-15 18:00:00,36.88177,251.56495999999999,25.081500000000005,1017.0,70598.09630041353,2.615333551699614,2.8325062622440806,1.7330321915425007,6.919224769574929,5.395482175544005,47.9866146696188,-81.78973459051399,20522.723926877177,7758.203128560455,99.560693890406
2025-08-15 19:00:00,43.077488,248.83867,26.181500000000028,1016.9,70292.38514461079,2.612912059987827,2.8610331239377067,1.785912833274287,7.020148009085789,5.66030187384016,47.98391582692608,-81.78649919200112,21316.174435339883,6774.55212512775,102.65212403877956
2025-08-16 11:00:00,74.58989000000001,262.01077,18.681500000000028,1015.1,69724.51304236983,2.6337238779502155,3.251815460235309,1.672696327742493,7.000082492160975,4.312069026044743,47.992108499186465,-81.69924681219145,42678.36321581586,9799.406547061175,110.33605083763591
2025-08-16 12:00:00,75.98953,258.6901,19.681500000000028,1014.3,70029.4361171309,2.6319645352509853,3.302231709346385,1.7381057439129062,7.0082269853198325,5.719818214962709,47.99123246005885,-81.69514253246201,43684.11966412328,9482.128379895046,107.23753506118908
2025-08-16 17:00:00,124.171,285.12405,22.731498999999985,1014.9,71179.1587445358,2.627163888715548,2.997595371953344,1.7292209733175499,6.543213609839511,5.907842471983789,47.97464518417574,-81.63736433960791,57851.05089996663,3469.190776825115,89.94318760662526
2025-08-16 18:00:00,129.53262,279.79208,24.631500000000017,1014.4,70827.6386446312,2.6236307648186163,2.710947894308649,1.7712777897840324,6.992452888123626,5.093941712157912,47.98275823553839,-81.6248042168591,60918.141032171574,6438.46085292056,93.13792414779054
2025-08-17 16:00:00,65.085594,279.74356,12.181500000000028,1023.8,72616.9570016758,2.6442165091183303,2.9028186312597892,1.6576607025046342,7.010883017301572,3.4459285369357744,47.88721055339569,-81.69286187788033,44331.44539021168,-28463.039115032316,66.13891553964956
2025-08-17 17:00:00,64.17289,286.42227,13.831500000000005,1023.8,72625.76665122548,2.6404491367879324,2.9727881846781443,1.6625968553780497,7.015937333872358,3.421890985698017,47.88317201398357,-81.70371268804054,41672.260917215615,-29942.30261708298,65.07345150586501
2025-08-17 18:00:00,64.012405,291.3707,14.98150099999998,1023.9,72536.24706562552,2.6378093793831994,2.95555649492174,1.6717733218936,7.021380858876623,3.5562672137867244,47.88027196999175,-81.71288366901689,39424.035287848674,-31005.02667264757,66.00945912703993
2025-08-17 19:00:00,66.39794,298.56573,15.781500999999992,1023.3,72501.35105874873,2.6364456731340717,2.958509632322614,1.664458108578889,7.013037424374843,3.5846199467237136,47.87680470805584,-81.715672319735,38742.288185478596,-32271.259040092853,66.93710561385896
2025-08-18 11:00:00,81.55382,289.01086,4.031499999999994,1025.2,74319.317896299,2.6567565088807954,2.071524430245224,1.635842076307633,6.993054871957711,2.012141297521046,47.89194235423855,-81.69385617145952,44083.461782965416,-26737.49565481976,36.243801288555275
2025-08-18 12:00:00,77.86152,288.43503,7.381500000000017,1026.1,73971.12806115247,2.648619087533748,2.0411374249961023,1.6520062833803741,7.004785258992367,2.394612175653497,47.893796968632685,-81.70435602631562,41505.9015359267,-26066.773301979225,41.77635989437392
2025-08-18 13:00:00,75.65454,286.4173,10.931500000000028,1026.1,73605.65058708018,2.640656495389694,2.158243746824234,1.7080405891785038,7.019763628723408,2.99139054285235,47.901143091773065,-81.71555354899134,38753.268263841,-23392.800315304383,48.29139221546548
2025-08-18 14:00:00,74.851166,286.08173,13.631500000000017,1026.5,73302.8332786362,2.6348952075315166,2.2684300851257406,1.684618047637291,7.014544276880275,3.4388608535306426,47.905233255225056,-81.71604822806364,38628.87898489621,-21900.993889417994,52.39125876896053
2025-08-18 15:00:00,74.412384,286.6993,15.23150099999998,1026.2,73513.4917730067,2.631328342501779,2.033243615117273,1.7067486212613396,7.002770735539182,2.840246430671122,47.91221639928026,-81.70784151634084,40636.36432108933,-19349.389020391754,45.33806144296825
2025-08-18 16:00:00,72.985374,286.50443,16.731498999999985,1025.3,73530.02940336059,2.6287700582437568,2.1090452268533393,1.6959323302956857,6.558880780376612,2.749350568389026,47.9200806398091,-81.7085740148078,40450.58862950632,-16480.964351616498,44.603731879121895
2025-08-18 17:00:00,75.84022,286.88687,17.931500000000028,1024.9,73436.58344685264,2.626645951402306,2.2192449193742365,1.700952442321916,7.004845420579295,3.0410132172559146,47.92150080501142,-81.70210687662234,42035.252477824244,-15959.442700398738,46.29026633344896
2025-08-18 18:00:00,78.89267,287.69098,18.881500000000017,1024.2,73288.36304344672,2.625137352085347,2.2444029039172233,1.7149751912956273,7.013162845079159,3.62546499674933,47.925820659416615,-81.70337194820806,41721.57667348398,-14384.280472773184,50.363553811574675
2025-08-18 19:00:00,81.89031,285.1359,19.131500000000017,1023.7,73042.58589813339,2.625154800141316,2.4883899979502404,1.7460273564381368,7.0173808042852555,4.2807269244820185,47.92557086290792,-81.70342390915013,41709.03754366265,-14475.4323981929,56.449915081652875
2025-08-19 11:00:00,67.83356,263.41815,7.931500000000028,1019.5,73277.62128204541,2.650739580204317,2.2556398059529563,1.6367714664185318,7.012512731335065,5.133358414359788,47.945328472370484,-81.74508335862535,31482.752959670106,-7287.754103536954,67.36545016404712
2025-08-19 12:00:00,66.25869,260.99832,10.48150099999998,1019.4,73294.8627011348,2.6453656842362543,2.319112547076065,1.6609404169894357,7.01634657109484,4.889020517707489,47.95028317462432,-81.74859242501995,30619.781638096298,-5481.721022797235,65.11927059860511
2025-08-19 13:00:00,66.977135,257.7117,13.081500000000005,1019.3,73324.79054174316,2.640414430736118,2.634598077677392,1.674302315013862,7.013841173061998,4.433337563231457,47.960080794402806,-81.74890000339627,30538.629765647303,-1907.7257384366549,62.36869114316918
2025-08-19 14:00:00,67.57621,255.56398,15.281500999999992,1019.1,73361.27836616574,2.6358348707638393,2.81678721071213,1.6845709882198343,7.010150494245082,4.003455421563427,47.96524363979936,-81.75497052048168,29048.322721334916,-26.69042175724702,60.2082604905099
2025-08-19 15:00:00,68.83195,255.83292,17.531499999999994,1019.0,73360.32370075064,2.6308621625192745,2.7996696937841703,1.6902765314069514,7.015171144877939,3.7383200407186186,47.968384279794634,-81.75566412762821,28876.63974102438,1118.7396089405054,58.41835990825415
2025-08-19 16:00:00,70.65293,258.8962,19.131500000000017,1018.4,73168.65036415665,2.6274077054521245,2.7898293215666596,1.6821639894544942,7.020431849593156,4.241132390853379,47.962660612714004,-81.75473940750925,29106.3960022787,-968.8787534454317,61.95469076821681
2025-08-19 18:00:00,65.085594,260.25644,21.181500000000028,1018.1,72684.08086179032,2.623152782130656,3.7364262248217006,1.7170560443951104,6.996524216018928,4.935063282424788,47.96113596233897,-81.76543386658925,26486.92390845597,-1528.9170014210133,70.19354531391798
2025-08-19 19:00:00,63.04091300000001,257.53506,21.431500000000028,1017.5,72759.12283557595,2.622757779286988,3.5423538395406498,1.7180089335480435,7.019178297103895,5.017537672318859,47.961634648757936,-81.76303472235969,27074.49546203488,-1346.1658487940656,69.30907305404217
2025-08-20 11:00:00,58.824135,333.15277,14.531500999999992,1018.6,73518.0336581257,2.638069880355726,4.438817942375026,1.6743808982589132,7.0129906113498945,3.5794349724559917,47.86430845921222,-81.80540327886465,16724.898110511636,-36861.999236764794,59.3439586488627
2025-08-20 12:00:00,60.851818,333.43503,14.581500000000005,1019.0,73247.81339452617,2.6376605949120027,4.85317179018307,1.6849787226605855,7.010474377353206,4.231362191380028,47.85520882672188,-81.80721426387174,16283.196904813325,-40181.82861377659,64.94667310771939
2025-08-20 13:00:00,58.279194,331.4405,15.981499999999983,1019.4,72883.82190371834,2.6343337206201807,3.185642186120698,1.7568753551035614,6.976415399408029,4.46151277641062,47.857702296418125,-81.81474046793643,14434.68431789198,-39273.73742781434,70.44278943968
2025-08-20 14:00:00,57.144344,330.81927,17.231498999999985,1019.9,72857.6137930753,2.6315592390062306,3.405095302968078,1.6824992676854427,7.003793137384743,4.286301218793831,47.85882545656104,-81.80984227373665,15636.88457497209,-38863.067321853654,68.92893107710866
2025-08-20 15:00:00,53.931587,324.78232,18.531499999999994,1019.6,72936.05063973334,2.6288851064004906,3.9416245413329043,1.6827059780705813,7.017401806626871,4.211970870960395,47.86347898263679,-81.80518136562266,16779.640143208202,-37164.53488056536,66.9173660062853
2025-08-20 16:00:00,48.283985,319.89914,19.331500000000005,1019.5,73033.82184531301,2.62716727876065,4.4720376244292455,1.708519133728689,7.017139378259802,4.048141763752495,47.87344417952412,-81.80218329961716,17512.243739563903,-33528.673233226466,64.50921190166876
2025-08-20 17:00:00,47.649418,315.0001,20.731498999999985,1019.3,72906.72696076622,2.624415090074168,3.440077395227539,1.7004284034000183,7.018932452911691,4.21584436033128,47.87447842228834,-81.79911964612214,18263.798844045457,-33150.68226890501,66.26862606703257
2025-08-20 18:00:00,44.7271,308.5302,21.281499999999994,1019.3,72715.03555410338,2.623343664160324,3.8068912859880997,1.7142210081832312,7.020094436362047,4.440063859105217,47.88172467786086,-81.79558919788168,19127.59812747003,-30506.467372405783,69.31653364730512
2025-08-20 19:00:00,43.54278599999999,306.52896,21.281499999999994,1019.2,72461.80719376582,2.6236014194476134,3.356306580355276,1.7013961912817572,7.01256372366468,4.5956525640767065,47.88893233874938,-81.79362059364632,19607.958059801847,-27876.68935314571,73.65594920299779
2025-08-21 13:00:00,65.53237,316.20175,16.081500000000005,1020.0,72414.02550320425,2.6349527700602424,4.074352778866485,1.7143413750410004,7.0034292199060015,4.834886532290177,47.872327667936986,-81.76005398525716,27852.72273355189,-33923.58312323489,76.45091597175507
2025-08-21 14:00:00,73.76639,315.35583,18.131500000000017,1020.1,72091.268725867,2.6305082107202544,3.59189253994706,1.7116009425953111,7.010109364851438,4.882690155710458,47.872310549821975,-81.7592225270858,28056.802703308615,-33929.52646585009,79.6379785070478
2025-08-21 15:00:00,72.390465,315.0001,19.931500000000028,1019.9,72316.03476586046,2.627114241230621,3.4269562702190144,1.7055821150733375,7.00235958423037,4.565665810912647,47.87292744049606,-81.75113649873754,30041.058233639695,-33701.44794087707,74.74882407668454
2025-08-21 16:00:00,76.99396,316.36383,22.231498999999985,1019.8,72290.0876833627,2.622181281738613,4.555371208481359,1.746334489975967,6.918470997977629,4.637870109617432,47.86770383573926,-81.74074864746858,32593.869519076787,-35602.746408587635,73.99902821504618
2025-08-21 17:00:00,77.89387,315.67395,23.281499999999994,1019.5,72164.09376638189,2.620822212942331,4.123571370177675,1.8089221340002368,6.910150593964917,4.696280576983751,47.8699858709247,-81.73770085294117,33340.51341273796,-34768.98351175574,75.41407909764531
2025-08-21 18:00:00,75.63234,316.73566,23.631500000000017,1018.5,72245.75393877886,2.6209782080811075,3.2108234002062224,1.7481124305392564,6.565361783617298,4.49949340771497,47.872766476665426,-81.73625233852883,33694.24514319813,-33754.02000486266,74.53288396476583
2025-08-21 19:00:00,66.4485,316.18518,24.181500000000028,1017.9,72152.98977221348,2.619732576817669,3.1800031138007228,1.7279614315167315,6.984250074417046,4.606997161810568,47.87091735476228,-81.74450897973884,31668.90370613106,-34432.05576023887,76.58714089641121
2025-08-22 11:00:00,52.48767999999999,270.7073,15.581500000000005,1014.9,71154.92490906887,2.639647151109567,3.6742862260523217,1.7568372315136882,7.012081989618759,4.822925019759268,47.96130078491716,-81.74615166746653,31211.29856245321,-1461.5795951027933,98.47444647161886
2025-08-22 12:00:00,52.519665,267.87894,16.581500000000005,1014.7,70487.67235738743,2.636953714124644,3.3304601873707993,1.7673533001733874,6.997046284763799,4.852683837437234,47.965205724204935,-81.7506399278247,30109.331049047414,-38.86133117182284,105.85390612594998
2025-08-22 13:00:00,53.16717,267.9048,18.031499999999994,1013.9,71108.1037737415,2.6353844666615647,3.1798061486914038,1.6676669198170155,7.017410540419523,5.800184603209316,47.96866750814613,-81.73543951764901,33831.141470078,1230.280380525558,98.49358849237504
2025-08-22 14:00:00,51.98132,265.71094,19.381500000000017,1014.4,71094.59194675687,2.6312663500989486,3.3024870506690642,1.6949557434364946,7.0179503631598985,5.971860238108529,47.969765865630855,-81.73266032510026,34511.26090134657,1632.187095994057,97.4619400282012
2025-08-22 15:00:00,53.450689999999994,263.7366,20.681500000000028,1013.3,70906.93561802103,2.62795021130742,3.209645038746952,1.7382055947878674,6.975976916619928,5.7510238369358095,47.96079449796539,-81.73841699898156,33106.74370816061,-1643.046028123157,100.19077447832167
2025-08-22 16:00:00,57.316734,264.1606,21.831500000000005,1012.8,70615.65506998744,2.6247547951957415,3.0968572617920893,1.6959309099886946,6.971671129718343,5.611245404778378,47.95373543089542,-81.7396548054172,32807.92654680126,-4218.683788283334,103.27620605122108
2025-08-22 17:00:00,59.86761,260.028,22.981498999999985,1012.7,70315.80503036962,2.621326642663579,3.042313355721075,1.7194241007307431,6.982837971992379,5.476404802657529,47.953367132519475,-81.7429174592011,32008.633193848033,-4354.407545628012,105.96311862604725
2025-08-22 19:00:00,67.81189,297.29947,23.431500000000028,1012.3,69498.73164988038,2.6203458619116744,2.7830834146701027,1.743126707280647,7.020598771679702,4.316456798309507,47.93208049795108,-81.74875201116186,30591.410629239836,-12122.003271548094,114.47979406368216
2025-08-23 14:00:00,75.27903,221.51057,18.331500000000005,1003.7,72657.32243156008,2.6427271980331213,3.005622807286648,1.651973280535722,6.996449157815903,5.673447707098558,48.077468031286436,-81.72189510181553,37071.20546978659,40926.790829054364,84.20231911504129
2025-08-23 16:00:00,76.14407,222.24083,20.481498999999985,1003.2,70454.86850106007,2.637872670160632,2.8731377235996307,1.7213177752120723,7.012005196725979,5.1927151886918175,48.082743037756906,-81.74228565283353,32083.11441037522,42841.98017611315,110.22831023323083
2025-08-23 17:00:00,73.31253,224.28392,21.481498999999985,1003.0,70790.70494107215,2.634994012336173,3.069152650945309,1.6690906940535644,7.01984206501207,5.335022125345707,48.085930915787614,-81.75125303199998,29889.26526532189,44001.322304165566,107.48173090870137
2025-08-23 19:00:00,68.30538,226.92194,21.181500000000028,1002.6,71203.29419818084,2.6362553261838206,3.144967131091123,1.6656914196510355,7.015638882618652,5.1822947498016765,48.08798118347726,-81.75347905966203,29343.998800157988,44748.41065356952,103.90993098877576
2025-08-24 11:00:00,53.627132,241.88689,10.681500000000028,1005.2,71089.17774420425,2.656746640712158,3.370585533349899,1.6489841331320054,6.835596680905988,5.508916277546204,48.024228732629275,-81.7549765989871,29013.752550149486,21490.891980270368,108.6320249055155
2025-08-24 14:00:00,58.83484299999999,233.50859999999997,15.081500000000005,1005.0,71185.5313020214,2.6464123853991333,3.2658594462897588,1.8033477006242946,6.994575861826379,5.860098271153218,48.041919339473914,-81.7668126627816,26108.308673404095,27940.185758913398,105.83376414228968
2025-08-24 15:00:00,57.990326,230.44037,16.331500000000005,1004.5,71249.99874171012,2.643633890502367,3.2385035236009756,1.6562895860313314,7.019889329116761,4.958686656413792,48.050073114427484,-81.77897691916482,23128.853053115872,30910.80205883445,105.2735873732245
2025-08-24 18:00:00,52.62348,217.99878,16.831500000000005,1004.5,70674.99902613462,2.64175925796076,2.856774425571652,1.738347925951951,6.999760869303071,4.401723472487546,48.06921458238247,-81.80957981577947,15637.68809167745,37885.9414447499,112.39003295276666
2025-08-24 19:00:00,53.65061000000001,217.14677,17.681500000000028,1004.1,70884.99921867979,2.639641406805695,3.039369656811493,1.6824855358498287,7.017717354882091,5.855653986485163,48.0676399831702,-81.81734220305142,13740.154976904663,37310.04572459491,110.15714147602392
2025-08-26 11:00:00,27.33069,315.33502,6.981499999999983,1014.2,70396.72104426088,2.6551307567079965,1.947332172169582,1.6288424498734915,7.0032608450226395,4.588614676141196,47.933710806121134,-81.87068033423563,700.0588503457656,-11552.002857759082,114.24814005479367
2025-08-26 14:00:00,23.36205,289.44012,10.381500000000017,1017.1,70817.69222595899,2.6460434611430643,2.0777049080272234,1.657833810342379,7.019143937547562,4.453012068005739,47.937850010539435,-81.86956884161877,972.4606736293746,-10042.035748168535,106.28652315635394
2025-08-26 15:00:00,28.131634000000002,277.9434,10.98150099999998,1016.9,71276.20738603802,2.644991880264598,2.1336394759554653,1.6489166705774971,7.019656325705458,4.391821267647391,47.94178161430765,-81.86593039547847,1864.2034803221256,-8607.7441639564,100.6457501796488
2025-08-26 16:00:00,29.415636,277.59454,12.631500000000017,1017.1,71482.81268684655,2.641196082418171,2.206619127313277,1.6645976023299929,7.011988107794965,4.49505029815147,47.942317011223835,-81.86502899566187,2085.123315315737,-8412.41153886218,97.03505836790234
2025-08-26 17:00:00,29.981102,276.20334,13.681500000000028,1017.5,71327.08874913979,2.638450204678522,2.1169271803307153,1.670544328552167,7.014392615940881,4.341423313558688,47.94557987478656,-81.86666887491381,1683.0720756850885,-7222.178316146403,98.0659063166035
2025-08-26 18:00:00,28.773502,277.76508,14.281500999999992,1017.3,71090.03592334487,2.637118637279595,2.09166274930625,1.670542809232449,7.020038155918395,4.415744514921177,47.93964265329652,-81.86845157076914,1246.2916913115143,-9388.074833608396,100.84153339703809
2025-08-26 19:00:00,27.066805000000002,281.0409,14.931500000000028,1017.1,71222.1014753573,2.6358844417100165,2.232477698955888,1.6681182987196193,7.010977042670665,4.517708377343107,47.93334914793989,-81.86974572878131,929.1813662555487,-11683.923508691598,99.2118085923752
2025-08-27 11:00:00,38.584126,319.0857,5.0815000000000055,1017.5,70030.77743237092,2.657290945963343,2.752186017078938,1.6384938947741121,7.020755000835902,4.65481609794952,47.89470201024365,-81.86342639379525,2480.206911211808,-25781.95665870371,117.32859871070401
2025-08-27 12:00:00,36.664851999999996,316.43204,7.181500000000028,1017.1,69835.03312762284,2.653255400718936,2.67041455004736,1.642083557486697,7.022331387481399,4.5244931069856005,47.902474263037455,-81.85687832963774,4086.0428165678904,-22946.428883642133,118.43293130843426
2025-08-27 13:00:00,36.42936,308.50067,9.98150099999998,1017.0,70627.81092887596,2.6484103020880774,3.1234010298713106,1.678696147780304,7.016191032001377,4.8880906132005615,47.90591911252076,-81.83726263717902,8897.082802270847,-21688.12683928951,108.81419265306812
2025-08-27 14:00:00,36.544426,307.07315,12.73150099999998,1016.8,71012.14597775303,2.643083128616473,3.4519733963010517,1.6567989841030257,7.019609999421931,5.072566900722772,47.91511274834394,-81.82014898025756,13092.377834026754,-18331.924560431235,103.01508020423438
2025-08-27 15:00:00,34.212563,294.62354,15.181500000000028,1016.4,70887.81031909125,2.637927995130402,3.377081779270749,1.6856870983227297,6.985333444550151,4.820685294940016,47.91922506889556,-81.80812137475132,16040.698284342525,-16829.511164374973,103.44804691671466
2025-08-27 16:00:00,37.452213,300.11365,16.781499999999994,1015.7,70949.1942065973,2.6349312019150433,3.3121719334451125,1.692971491999783,6.9621918049972376,5.223008948603346,47.91727609883017,-81.7972336229584,18711.248905277993,-17538.028618410153,102.14783775677809
2025-08-27 17:00:00,39.418385,295.30136,18.081500000000005,1015.0,70769.4609047479,2.6325256652394207,3.2713872438649743,1.8583243793525712,6.995995842451842,5.189482378186413,47.92164436629099,-81.79385365337801,19538.456376685685,-15943.680215937919,103.8610331173131
2025-08-27 18:00:00,41.831467,286.18927,17.181500000000028,1014.7,70836.81583482967,2.6355165825580147,3.153958637472612,1.8313380318336172,6.987508727980246,5.388544989342712,47.92673669656407,-81.77804701810828,23412.011474277435,-14081.636171278324,103.37196637348603
2025-08-28 11:00:00,35.371006,278.42688,5.3315000000000055,1017.0,72667.70286197597,2.6590601619060132,2.59968797856495,1.6381270120561966,6.786050166350041,4.190856537046352,47.930228462605385,-81.82426539344353,12079.368137279342,-12818.494527499915,82.64613212876044
2025-08-29 11:00:00,54.09482,325.73883,3.7814998999999716,1021.4,72509.0494453287,2.661585740672699,2.426207948797321,1.6305039579811662,6.969189195944785,4.289345912924295,47.84112529384154,-81.87922722545657,-1397.6784748162574,-45326.27589854012,81.82947783518624
2025-08-29 13:00:00,46.37234,344.6044,7.381500000000017,1021.6,72257.50631945366,2.652752497296134,2.4348415585754677,1.6249225753514749,7.0159847214058795,4.427463361418384,47.83988494101067,-81.90024597483122,-6559.720205909879,-45777.65768846129,84.42357424171558
2025-08-29 14:00:00,43.716,348.0239,9.831500000000005,1021.8,72220.25666885253,2.6464916720855154,2.515494296235879,1.640817036218682,7.006460923467032,4.504277947473772,47.839310594342486,-81.91138160062552,-9294.628301180595,-45986.02854248864,84.02361654170143
2025-08-29 15:00:00,53.155327,9.117787,11.73150099999998,1021.5,72379.5887716125,2.6422048180261837,2.657856205561275,1.650346366746105,7.015282551199626,4.4901332493784905,47.83285633997507,-81.92331140421302,-12226.025656312657,-48338.79459331549,80.94818210605489
2025-08-29 16:00:00,60.07762,16.285006,13.031500999999992,1021.3,72377.68243712373,2.639736507342244,2.653986194998924,1.6556054888979699,7.014575216033697,4.470368553227872,47.83238133252643,-81.93434683636326,-14936.726713939139,-48510.12955095329,80.60209843534658
2025-08-29 17:00:00,62.13873,11.427074,14.431500000000028,1021.4,72469.2077029455,2.6369220509138755,2.7575270419921454,1.7658887232657696,7.01688482150568,4.362143381596118,47.832148352462546,-81.92883610812173,-13583.209279605566,-48596.135596521286,77.93692715426037
2025-08-29 18:00:00,59.318092,6.2709923,15.031500999999992,1021.0,72353.65834181993,2.6358087814719235,2.665495031576573,1.6647986879833183,7.01685788303173,4.494224534195948,47.833160376276886,-81.91904362475427,-11177.692089962846,-48228.53307084404,79.74519447406578
2025-08-29 19:00:00,58.3188,359.36343,15.131500000000017,1020.7,72280.89623685472,2.635622362359249,2.574634848401643,1.7047589656353601,7.013878564922323,4.645846619845784,47.83237770731711,-81.91127820237013,-9270.470054579911,-48515.06897381603,81.07728339017468
2025-08-30 11:00:00,42.240955,339.341,5.131500000000017,1019.1,70462.60689263094,2.6554838496492352,2.159082102910267,1.645052055372747,6.620096323816953,4.322349946204043,47.850946156264676,-81.92377783375757,-12336.299542637214,-41739.781555891466,112.09327757235025
2025-08-30 12:00:00,40.00513,335.09525,6.931500000000028,1018.7,70746.43295371933,2.6518782162283348,2.352000437446373,1.6746376093293218,7.015503579605169,4.817236162981472,47.8544990785887,-81.92036957637383,-11498.655647959442,-40444.24367177024,108.57800142905917
2025-08-30 13:00:00,35.660618,335.29758,9.931500000000028,1019.4,71029.43865091472,2.6446723799667735,2.650462185113092,1.6736045087997338,6.839973843374985,6.038501045299052,47.85585650900971,-81.91863682801338,-11072.939337533611,-39949.32221794225,103.76961975784039
2025-08-30 14:00:00,34.77247,333.43503,12.281500999999992,1019.3,71532.22932676921,2.6400761299032327,2.8373847992487318,1.6810720984783096,6.7232015173676585,4.8447097568154405,47.85874816367075,-81.91449887617303,-10056.44981594496,-38895.04624606824,96.26454021136205
2025-08-30 15:00:00,31.430426,345.67725,14.381500000000017,1019.1,71885.45160149173,2.6357602506479387,2.9717454996222057,1.6644563998642472,7.018576667802845,4.666326042537832,47.8610035278155,-81.91904241040243,-11171.409612032634,-38071.69017709841,90.65300039661861
2025-08-30 16:00:00,33.070683,357.7543,16.131500000000017,1019.5,71986.28046583133,2.6312932197365475,3.52491041026405,1.786097388368541,7.019539816628767,5.005153075633184,47.85734485793331,-81.92556542235211,-12773.648628470584,-39405.31942917306,88.67873050688014
2025-08-30 17:00:00,38.25081,358.05856,17.781499999999994,1019.0,72103.68107077465,2.6280097897149477,3.518870872948977,1.7474022099657036,7.018207093478644,4.941139727487472,47.854390475854444,-81.93483806037746,-15051.012099838807,-40481.37231411031,86.96407606181305
2025-08-30 18:00:00,47.622974,14.981683,18.831500000000005,1018.9,71966.97509496231,2.6256611141340422,3.3244761589044294,1.7271750855739354,7.019614460918335,4.895425243550898,47.84999135266164,-81.9482552663012,-18346.784589981875,-42083.21741998317,88.96887888628424
2025-08-30 19:00:00,55.738483,17.592522,19.831500000000005,1018.3,71972.076905111,2.623723306343244,3.3530432098760676,1.6922876071124318,7.013401504294222,4.891242922057399,47.84465047746655,-81.95768643289252,-20664.66231028521,-44029.120052765764,89.25317790573104
2025-08-31 11:00:00,29.918022,17.650223,10.081500000000005,1022.1,71519.22861012201,2.6417991667804075,2.6238081295705618,1.700821839938911,7.0169634581808475,5.21930997555862,47.88779039895427,-81.98148674473396,-26487.25707028016,-28284.885150211736,97.89752744034688
2025-08-31 12:00:00,28.161465,23.025528,11.831500000000005,1022.8,71888.6236612119,2.6379139780201806,3.0324740029760755,1.665376650551982,7.019267524251193,5.0644533501739195,47.89218724332443,-81.98661356644035,-27742.845857367596,-26679.157379389962,91.73498040222617
2025-08-31 13:00:00,27.566303,29.577755,14.181500000000028,1023.1,71616.34527014951,2.6319207452955027,3.081381848466568,1.7739287138197464,7.01726277010777,4.929532808774668,47.89495716759536,-81.99877137283687,-30724.042956162353,-25664.109614767072,94.55111418706497
2025-08-31 14:00:00,26.119566,29.744794999999996,16.381500000000017,1023.2,71628.54641961509,2.6265887991285117,3.2551600350154475,1.711164490921303,7.016658217721019,4.894486539399092,47.899857340343935,-82.00356297455424,-31896.55650472172,-23874.62785534833,93.36425137181072
2025-08-31 15:00:00,24.078869,23.805958,18.731498999999985,1023.2,71903.24111795377,2.6213864403935085,3.637338430865146,1.781427485627148,7.017932650932234,4.99093633307927,47.90378851302729,-82.00342564409618,-31860.455334844435,-22440.628160699864,88.02421254494953
2025-08-31 16:00:00,24.287199,43.91917,20.331500000000005,1023.1,72075.99079507578,2.618083466323396,3.7802227768089183,1.7279212966931479,6.996313764057612,5.054675555040181,47.91053473525145,-82.00927926644752,-33291.9531475232,-19977.193602932435,84.68876768803553
2025-08-31 17:00:00,19.26484,42.27363,22.131500000000017,1022.7,72224.67305759131,2.6145006870325016,3.6188985779422103,1.7635338850211615,6.9947139472624436,4.961824388934499,47.91831529729742,-82.00375492164802,-31932.282930990405,-17141.243290837134,81.21101600372475
2025-08-31 18:00:00,26.21583,39.98684,23.331500000000005,1022.9,72317.56967615537,2.61189938752203,4.088045150774199,1.7407988490915798,7.009970938792214,4.954507946851743,47.917259294393446,-82.0052372294381,-32296.431436908213,-17525.847778431176,78.78214839605168
2025-08-31 19:00:00,26.21583,39.98684,23.081500000000005,1022.4,72414.3330824483,2.6127002652836886,3.186030026846996,1.7411259235142218,7.018086775175261,4.822649362037816,47.92056852846032,-82.00343517656988,-31852.49167081462,-16319.414461763392,77.50951464317203
